﻿<?xml version="1.0" encoding="utf-8"?>
<NinjaTrader>
  <Install>
    <Version_8_0_13_0 />
    <Version_8_0_16_3>
      <ClearedCache>NinjaScript editor cache cleared</ClearedCache>
      <Date>2019-02-18 09:20:44</Date>
      <CompiledCustomAssembly>2018-12-05 07:48:07</CompiledCustomAssembly>
    </Version_8_0_16_3>
    <Version_8_0_17_2>
      <ClearedCache>NinjaScript editor cache cleared</ClearedCache>
      <Date>2019-06-28 13:13:25</Date>
      <CompiledCustomAssembly>2019-03-11 07:06:13</CompiledCustomAssembly>
    </Version_8_0_17_2>
    <Version_8_0_18_1>
      <Date>2019-12-12 10:37:20</Date>
      <ClearedCache>NinjaScript editor cache cleared</ClearedCache>
      <CompiledCustomAssembly>2019-07-02 11:08:38</CompiledCustomAssembly>
    </Version_8_0_18_1>
    <Version_8_0_20_0>
      <ClearedCache>NinjaScript editor cache cleared</ClearedCache>
      <Date>2020-03-13 08:01:01</Date>
      <CompiledCustomAssembly>2020-03-13 08:01:16</CompiledCustomAssembly>
    </Version_8_0_20_0>
    <Version_8_0_21_0>
      <ClearedCache>NinjaScript editor cache cleared</ClearedCache>
      <Date>2020-07-08 19:37:46</Date>
      <CompiledCustomAssembly>2020-03-13 13:38:15</CompiledCustomAssembly>
    </Version_8_0_21_0>
    <Version_8_0_22_2>
      <ClearedCache>NinjaScript editor cache cleared</ClearedCache>
      <Date>2021-04-19 20:47:13</Date>
      <CompiledCustomAssembly>2020-07-31 16:16:39</CompiledCustomAssembly>
    </Version_8_0_22_2>
    <Version_8_0_24_2>
      <ClearedCache>NinjaScript editor cache cleared</ClearedCache>
      <Date>2021-07-01 07:21:57</Date>
      <CompiledCustomAssembly>2021-04-20 08:48:35</CompiledCustomAssembly>
    </Version_8_0_24_2>
    <Version_8_0_24_3>
      <ClearedCache>NinjaScript editor cache cleared</ClearedCache>
      <Date>2021-11-10 15:21:22</Date>
      <CompiledCustomAssembly>2021-07-01 10:45:42</CompiledCustomAssembly>
    </Version_8_0_24_3>
    <Version_8_0_25_0>
      <ClearedCache>NinjaScript editor cache cleared</ClearedCache>
      <Date>2022-05-11 16:31:19</Date>
      <CompiledCustomAssembly>2021-12-24 12:56:29</CompiledCustomAssembly>
    </Version_8_0_25_0>
    <Version_8_0_26_0>
      <ClearedCache>NinjaScript editor cache cleared</ClearedCache>
      <Date>2022-06-08 15:28:28</Date>
      <CompiledCustomAssembly>2022-05-11 17:29:47</CompiledCustomAssembly>
    </Version_8_0_26_0>
  </Install>
</NinjaTrader>